Workbook

Sheet Instrucciones
A1: Prueba de usabilidad — registro (ver wiki/investigacion/prueba-usabilidad-guion.md)
A3: Una fila por participante (P1, P2, …) en cada hoja. Completá solo las celdas blancas.
A4: SUS: cargá el número marcado (1 a 5). El puntaje y el resumen se calculan solos.
A5: Tareas: en 'Resultado' elegí de la lista: sin ayuda / con ayuda / no completada.
A6: Al terminar, mandá este archivo, las fotos y listo. Si sobra alguna fila Pn, dejala vacía.

Sheet Participantes
A1: ID | B1: Fecha | C1: Lugar | D1: Rango de edad | E1: Ocupación | F1: Frecuencia de uso de X | G1: Cuenta usada (propia / prueba) | H1: Acepta fotos (sí / no) | I1: Notas
A2: P1 | B2: 46311 | C2: Belgrano, CABA | D2: 25-34 | E2: Comerciante | F2: Diaria | G2: propia | I2: Usa X en el celular y en la computadora. SUS respondido en escala 1-10 y convertido a 1-5 (originales: 8,3,8,1,9,3,9,4,8,3).
A3: P2 | B3: 46311 | C3: Salta | D3: 45-54 | E3: Odontóloga | F3: Semanal | G3: propia | I3: Solo usa X en el celular. SUS respondido en escala 1-10 y convertido a 1-5 (originales: 9,2,7,7,7,1,8,1,7,9).
A4: P3 | B4: 46310 | C4: Salta | D4: 55-64 | E4: Comerciante | F4: Mensual | G4: prueba | I4: Casi no usa X (aprox. una vez al mes); usó una cuenta de prueba prestada. SUS respondido en escala 1-10 y convertido a 1-5 (originales: 7,3,8,7,8,3,9,3,9,10).
A5: P4
A6: P5
A7: P6
A8: P7
A9: P8

Sheet Tareas
A1: ID | B1: T1 resultado | C1: T1 tiempo (min) | D1: T1 dudas en voz alta / observaciones | E1: T2 resultado | F1: T2 tiempo (min) | G1: T2 dudas en voz alta / observaciones | H1: T3 resultado | I1: T3 tiempo (min) | J1: T3 dudas en voz alta / observaciones
A2: P1 | B2: sin ayuda | C2: 0.5 | D2: Entendió sola la marca en segundos; interpretó bien colores, estados y cómo se muestra en la UI de X. | E2: sin ayuda | F2: 0.5 | G2: Abrió el análisis solo en segundos. Sin dudas: al ver que las páginas de origen eran confiables, confió en el análisis. | H2: sin ayuda | I2: 0.5 | J2: Abrió una fuente en segundos. Reconoció las fuentes como medios confiables (Infobae, Clarín); eso le dio confianza en el análisis.
A3: P2 | B3: con ayuda | C3: 1 | D3: Suele usar X en el celular; en la computadora le costó, se le indicó dónde estaba la marca y la entendió fácilmente. | E3: con ayuda | F3: 4 | G3: Por problemas de vista (usa anteojos) hubo que indicarle dónde abrir el análisis y ayudarla a leer; le costó encontrar cómo ver más información. | H3: sin ayuda | I3: 2 | J3: Abrió sola la fuente de Infobae, el diario que lee siempre, y se puso a leerla completa.
A4: P3 | B4: con ayuda | C4: 3 | D4: Nunca había usado X en la computadora; hubo que explicarle eso y dónde estaba la extensión. Entendió bien la marca («índice de confianza»); después quiso ir más allá para ver el detalle y la fuente. | E4: con ayuda | F4: 2 | G4: Necesitó ayuda porque nunca usó X en la computadora. No se trabó ni hizo comentarios. | H4: con ayuda | I4: 4 | J4: Necesitó ayuda porque no sabía usar la computadora. No se trabó; se tomó tiempo para leer la fuente completa y corroborarla con lo que decía el tweet.
A5: P4
A6: P5
A7: P6
A8: P7
A9: P8

Sheet Cuestionario
A1: ID | B1: ¿Qué entendiste que indicaba la marca que apareció sobre las publicaciones? | C1: ¿Te resultó claro qué hacer para obtener más información sobre una publicación? | D1: ¿Las fuentes que mostró el análisis te permitieron comprobar el resultado por tu cuenta? | E1: ¿Hubo algún momento en que no supieras qué estaba haciendo la extensión? | F1: ¿La extensión interfirió con tu forma habitual de usar X? | G1: ¿Usarías la extensión en tu navegador? ¿Por qué?
A2: P1 | B2: Algo parecido a las notas de comunidad de X: más información sobre una publicación. | C2: Sí, que había que hacer clic; se veía bien y se parece a las notas de comunidad de X. | D2: Sí, son diarios argentinos conocidos y confiables; con eso supo que el veredicto era correcto. | E2: No, fue claro; no hay mucho para interactuar, le aparece mientras scrollea. Le resultó intuitiva. | F2: Sí, a veces se toma más tiempo para corroborar si lo que lee es verídico en vez de scrollear de largo. | G2: Sí, trabaja siempre en la computadora con X abierto al lado y le resulta cómodo.
A3: P2 | B3: El número en verde le indicó que era algo bueno o confiable; a pesar de no ver bien, el color la ayudó a entender el estado. | C3: Sí, después quiso indagar más sobre un posteo en particular. | D3: Sí, vio diarios digitales que ya conoce y siempre lee, y con eso corroboró la información. | E3: No; solo hubo que indicarle cómo usar X en la computadora y dónde estaba la extensión. Es una nota debajo de cada posteo, nada complicado. | F3: Un poco: ahora se toma más tiempo para detectar si algo es fake news y así informarse correctamente. | G3: Sí, está harta de las noticias falsas, de creérselas y enterarse después de que eran falsas.
A4: P3 | B4: El índice de confianza; lo entendió bien por los colores, el verde indicaba algo bueno. | C4: Al final le quedó claro. | D4: Sí, lo corroboró en diferentes fuentes y pudo entender que lo que vio en la noticia era verdad. | E4: No. | F4: No, porque no usaba X. | G4: No, porque no usa computadora.
A5: P4
A6: P5
A7: P6
A8: P7
A9: P8

Sheet SUS
A1: ID | B1: 1. Me gustaría usarlo con frecuencia | C1: 2. Innecesariamente complejo | D1: 3. Fácil de usar | E1: 4. Necesitaría apoyo técnico | F1: 5. Funciones bien integradas | G1: 6. Demasiada inconsistencia | H1: 7. Se aprende muy rápido | I1: 8. Muy engorroso | J1: 9. Me sentí seguro | K1: 10. Necesité aprender mucho antes | L1: Puntaje SUS (0-100)
A2: P1 | B2: 4 | C2: 2 | D2: 4 | E2: 1 | F2: 5 | G2: 2 | H2: 5 | I2: 2 | J2: 4 | K2: 2 | L2: =IF(COUNT(B2:K2)=10,((B2-1)+(D2-1)+(F2-1)+(H2-1)+(J2-1)+(5-C2)+(5-E2)+(5-G2)+(5-I2)+(5-K2))*2.5,"")
A3: P2 | B3: 5 | C3: 1 | D3: 4 | E3: 4 | F3: 4 | G3: 1 | H3: 4 | I3: 1 | J3: 4 | K3: 5 | L3: =IF(COUNT(B3:K3)=10,((B3-1)+(D3-1)+(F3-1)+(H3-1)+(J3-1)+(5-C3)+(5-E3)+(5-G3)+(5-I3)+(5-K3))*2.5,"")
A4: P3 | B4: 4 | C4: 2 | D4: 4 | E4: 4 | F4: 4 | G4: 2 | H4: 5 | I4: 2 | J4: 5 | K4: 5 | L4: =IF(COUNT(B4:K4)=10,((B4-1)+(D4-1)+(F4-1)+(H4-1)+(J4-1)+(5-C4)+(5-E4)+(5-G4)+(5-I4)+(5-K4))*2.5,"")
A5: P4 | L5: =IF(COUNT(B5:K5)=10,((B5-1)+(D5-1)+(F5-1)+(H5-1)+(J5-1)+(5-C5)+(5-E5)+(5-G5)+(5-I5)+(5-K5))*2.5,"")
A6: P5 | L6: =IF(COUNT(B6:K6)=10,((B6-1)+(D6-1)+(F6-1)+(H6-1)+(J6-1)+(5-C6)+(5-E6)+(5-G6)+(5-I6)+(5-K6))*2.5,"")
A7: P6 | L7: =IF(COUNT(B7:K7)=10,((B7-1)+(D7-1)+(F7-1)+(H7-1)+(J7-1)+(5-C7)+(5-E7)+(5-G7)+(5-I7)+(5-K7))*2.5,"")
A8: P7 | L8: =IF(COUNT(B8:K8)=10,((B8-1)+(D8-1)+(F8-1)+(H8-1)+(J8-1)+(5-C8)+(5-E8)+(5-G8)+(5-I8)+(5-K8))*2.5,"")
A9: P8 | L9: =IF(COUNT(B9:K9)=10,((B9-1)+(D9-1)+(F9-1)+(H9-1)+(J9-1)+(5-C9)+(5-E9)+(5-G9)+(5-I9)+(5-K9))*2.5,"")

Sheet Resumen
A1: Indicador | B1: Valor
A2: Participantes con SUS completo | B2: =COUNT(SUS!L2:L9)
A3: Puntaje SUS medio (0-100) | B3: =IFERROR(AVERAGE(SUS!L2:L9),"")
A4: Puntaje SUS mínimo | B4: =IFERROR(MIN(SUS!L2:L9),"")
A5: Puntaje SUS máximo | B5: =IFERROR(MAX(SUS!L2:L9),"")
A6: Valoración media afirmación 1 (Me gustaría usarlo con frecuencia) | B6: =IFERROR(AVERAGE(SUS!B2:B9),"")
A7: Valoración media afirmación 2 (Innecesariamente complejo) | B7: =IFERROR(AVERAGE(SUS!C2:C9),"")
A8: Valoración media afirmación 3 (Fácil de usar) | B8: =IFERROR(AVERAGE(SUS!D2:D9),"")
A9: Valoración media afirmación 4 (Necesitaría apoyo técnico) | B9: =IFERROR(AVERAGE(SUS!E2:E9),"")
A10: Valoración media afirmación 5 (Funciones bien integradas) | B10: =IFERROR(AVERAGE(SUS!F2:F9),"")
A11: Valoración media afirmación 6 (Demasiada inconsistencia) | B11: =IFERROR(AVERAGE(SUS!G2:G9),"")
A12: Valoración media afirmación 7 (Se aprende muy rápido) | B12: =IFERROR(AVERAGE(SUS!H2:H9),"")
A13: Valoración media afirmación 8 (Muy engorroso) | B13: =IFERROR(AVERAGE(SUS!I2:I9),"")
A14: Valoración media afirmación 9 (Me sentí seguro) | B14: =IFERROR(AVERAGE(SUS!J2:J9),"")
A15: Valoración media afirmación 10 (Necesité aprender mucho antes) | B15: =IFERROR(AVERAGE(SUS!K2:K9),"")
A16: T1: completada sin ayuda | B16: =COUNTIF(Tareas!B2:B9,"sin ayuda")&" de "&COUNTA(Tareas!B2:B9)
A17: T2: completada sin ayuda | B17: =COUNTIF(Tareas!E2:E9,"sin ayuda")&" de "&COUNTA(Tareas!E2:E9)
A18: T3: completada sin ayuda | B18: =COUNTIF(Tareas!H2:H9,"sin ayuda")&" de "&COUNTA(Tareas!H2:H9)
